Name	SecondaryStructure
Name	Sequence
Sample_sequence_1004	   TTTTTTTT      HHHHHHHEEEEEEEEE    TTTT  HHHHHHHHHHHHHHHHTTTT GGGEEEEEEETTTTEEEEEEEEE      
Sample_sequence_1004	MTMASFLSFLLPEKKKKTASIAKERLQIILAHERSGRSAAEPDYLPALQEELIAVISKYIPAISPEDLKLHLERQYNQLEVLDVWIELPEALE
Sample_sequence_2374	HHHHHHHHHHHHHHHHHHHHHHHHHHHHHHHHHHHHHHHHHHHHHHHHHH    TTTT   EEETTTTTT EEE             
Sample_sequence_2374	MLALFMQSSMRSLEIAKERLKFALTSEKLEEISSEILTSLHQEIMEAISTYFEISEQEQFEICIEQSEELALQAATPIQSAIHFSAP
Sample_sequence_2267	   HHHHHHH    HHHHHHHHHHHHHHHHHTTT HHHHHHHHHHHHHHHHTTTEE GGG EEEEEEE   TTTT  EEEEEEE  EEETTT     
Sample_sequence_2267	MAMPMFHAFFSRASSCQMAKDRLKILLISDRVECSQEMMELIKAEITQVISKYMRIDAQHMEIQIQATAAESHHGMMSPALIASIPILDLHHQSQMP
Sample_sequence_2718	TTTTGGGGGTTT HHHHHHHHHHHHHHHHHHTTTTTHHHHHHHHHHHHHHHTTT GGG EEEE TTTT EEEEB     
Sample_sequence_2718	MMSMLFFLASSQSASTAKEYLQIILAHERAASTPPDYLPLLQELLEVISKYVTIEIASLSFSLIEQHTALEIISLPESS
Sample_sequence_1772	HHHHHHHHHHHHHHHHHHHHHHHHHHHHHHHH    HHHHHHHHHHHHHHHHTTEEE GGG EEEEEEETTTTEEEEEEE  EEEE      
Sample_sequence_1772	MMMFEALMLFSMEEQSKQIAHERLQMVLIHDRLEISPEQMEQIKEEIIQVISRYMEIEQETMEISLENSEADSTIALIASIPITSMKHSPTS
Sample_sequence_789	 TTTTTTT    HHHHHHHHHHHHHHHHHHHHHHHHHHHHHHHHHHHHHHH TTT GGGEEEEEEEETTEEEEEEEE   HHHHHHHHHHHHHHHHHHHHHHHH     
Sample_sequence_789	MSILGIFQKQRSSAATARDRLQLILAHERAESGRADLVIQLREEILAVIAKHVAVERDIVAITLERGEGVSTLGLDIELPLTAAAKLKAKLAAKLAEEAANKASKPKAA
Sample_sequence_1440	  TTTTTT     HHHHHHHHHHHHHHHHHHHHTTT HHHHHHHHHHHHHHHH      EEEEEEEETTEEEEEEEE      
Sample_sequence_1440	MSFMFPFFPSKKSSAQIAKDRLTIAIMSERSAATTFPFMEEMKAEIIEVIEKYIATQETIEISKEIEGEFEALAIEIQLESAS
Sample_sequence_1481	 EEEETTEEEEEEE TTTTTT GGG  HHHHHHHHHHHHHHH     GGGEEEEEETTEEEEEETTT     
Sample_sequence_1481	MLFFLSTELQILLAHEASSSAPAHYLPYPQLQEEIMAMICKYIQIISPEMISISMLEEQLILEIITLPETSE
Sample_sequence_1839	  HHHHHHHHHTTTT HHHHHHHHHHHHHHHHHHHHTTT   HHHHHHHHHHHHHHHHH TTTTTTTEEEEEEEEETTTTEEEEEEEEE     
Sample_sequence_1839	MSEWEFFFSKHIESQSSAQTATDRLKLILASEETLYCPSSLPHIEEMMKEIIQVIQPYTLMYSCQQHIQMSTQASANQMESIEMIEMNIILPYR
Sample_sequence_158	HHHHHHHHHHHHHHH TTTHHHHHHHHHHHHHHHHHH   HHHHHHHHHHHHHHHHHHEEETTTTT EEEEEEETTTTT EEEEEEE  EEEE      
Sample_sequence_158	MLTTLMQFFFQKMMSMSTSSSTIAKERLQLALTSDRLELSSEILELMHAEIIEVISKYFEIDQQEELKIEIEQMPLESELSTALLANTPIKSAKHPEPQ
Sample_sequence_885	  GGGGG   TTTTTTT  EEEEEEEEETTTTTTT  HHHHHHHHHHHHHHHHTTT GGGEEEEEEEETTEEEEEEEEE                  
Sample_sequence_885	MGIFEFFRSPEQTATTAAERLLIIIAQERAGARGSPDYLPLMQQEILEVIRKYVVVDPDAISIHIEHESGHEVLELTVALPEAPEAAATAPAAEATE
Sample_sequence_1062	   GGGGG     HHHHHHHHHHHHHHHHH    HHHHHHHHHHHHHHHHH   B GGG EEEEEEETTEEEEEEE  B       
Sample_sequence_1062	MASWLDWFARQPASAETASERLQLVLAYDRTDLSAQLLETLHDEILIVISRHIAIDAEHMMITMHQQQDQTRLIADIPLEPATTRL
Sample_sequence_3118	TTGGGGG      HHHHHHHHHHHHHHHHHHHHH    HHHHHHHHHHHHHHHHH    GGGEEEEEEEETTTEEEEEEEE          
Sample_sequence_3118	MSFLSFFFLSKPKSASAAKERLQIIIAKESSHGQYAYPDFIPQLHQEILAVISKYTKVNADDIKISLDRQGNALETLELNIILPETAEAIA
Sample_sequence_2788	 GGG GGGTTTTT HHHHHHHHHHHHHHHHHHHTTHHHHHHHHHHHHHHHHTTTTBTGGG EEEEEEETTEEEEEEE  B  
Sample_sequence_2788	MMLFMFLFFRQQSSSKEQAKERLQIILAYERASLSAQLMEEIKEEIITIISKYPEIESEQIEIQLITEEDAEALEITIPLTS
Sample_sequence_733	HHHHHHHH       HHHHHHHHHHHHHHHHH    HHHHHHHHHHHHHHHHHH EETTTTTEEEEEEETTEEEEEEE  EEE        
Sample_sequence_733	MMQFLERFFPTQAPSSKHAAKERLQLVLAHERASISASLLQTLKEEIITVISQYMAIDAESPEITFSQSKHQATLVADIPILSTPRHSAAI
Sample_sequence_2488	  HHHHHHHHHHTT   HHHHHHHHHHHHHHHHHHHHTTTHHHHHHHHHHHHHHHHHHHH TTTTTTTTTT       TTT          TTTTTT  TTT              
Sample_sequence_2488	MTLRDIMIMYFLRQQPASATRAKERLQLVLAHERSEDTSEPDLCQQMKQEILQVISKYVESIDIILEFQVAVTLETETSLCSALEANLPLSEDDSAAAPASTASRAELAEVANCST
Sample_sequence_131	 TTTTTTT     HHHHHHHHHHHHHHHHHHHH    TTGGG HHHHHHHHHHHHHHTTT GGGEEEEEEETTTT  EEEEEEE      
Sample_sequence_131	MSFLEFFKSERQQSASIAKERLQIILAHERSQRSAAQPDYMQYPALQKELLEVISKYIPIDQDAIQIELLEHQDHSCAILELNITLPEAE
Sample_sequence_2807	    EEEEEEEEE     HHHHHHHHHHHHHHHHHH TTTTTTTTTT  EEEEEETTTEEEEEEEEE    TTT     
Sample_sequence_2807	MFSWTETLLELAYESQISPSFLQALQEEILAVISKYIPQTEISESEMSSIQLEQEGECMHLLEANIPLPEASETATPEF
Sample_sequence_3345	TTT  TTTTT HHHHHHHHHHHHHHHHHH    HHHHHHHHHHHHHHHHHHTTTTTTTGGGG EEEEEETTTEEEEEE   TTTT  
Sample_sequence_3345	MMWPFLFFRSASAEEAAERLQLLLAYERKQSLPANLIETLKEEILSVISKHIQAFILDAPAKMEIEIEEESESTLWIDIPFEPGTEA
Sample_sequence_2534	  HHHHHHH      HHHHHHHHHHHHHHHHHHHHHH  HHHHHHHHHHHHHHHH     GGGEEEEEEEETTTEEEEEEEE  TTTT 
Sample_sequence_2534	MSIFDYFKSKSSAPSSASVAKERLQIIVAHERSQRTHEPDYLEAMQQEIIQVIRKYVQIGSEDVQIQLENTESSCSILELNVTLPEQSL
Sample_sequence_3761	 HHHHHH      HHHHHHHHHHHHHHHHHHHHHHHHHHHHHHHHHHHHHHTTT BTTTT  EEEEEE       EEEEEE  B     
Sample_sequence_3761	MIIFQFLFPTSPQSSSIAKERLELLLTHDRAMISSSELLEQMHHEIIQVISKYFEIDQEQEFSIEIHQTEEESEYSTALMAIPISPLHI
Sample_sequence_1418	  HHHHHHHHH      HHHHHHHHHHHHHHHHHHHHHHH TTTT   HHHHHHHHHHHHHHHHH  
Sample_sequence_1418	MMFSMSMLSFFLEEESSPASTAKERLQIILAHERAASTSAQAHYLPLMPQLQEIMEICKYMQIESSI
Sample_sequence_2785	    TTTT      HHHHHH EEEEEE TEEETTTTT   HHHHHHHHHHHHHHHHH    GGG  EE   TTTEEETTEEEEEE TTTTT  GGG 
Sample_sequence_2785	MSFLTLFGGECKAASAPIAKERLQILLAHEAEMTSGAAAPDFLEMMQSEILSVVSKYVTLDPDKINVSMNEQHHSFLEMLESDIEMSQDTISSEAAT
Sample_sequence_1441	 TTTTTHHHHH  TTT HHHHHHHHHHHHHHHHH    HHHHHHHHHHHHHHHHHHEEETTTTTTEEEEETTT  EEEEE   EEEETTTTTT  
Sample_sequence_1441	MMFPLIDKLLAWSGSTSSGDQAKKRLKLILAHDRADLSPELLDMMRQEILEVISRYLEIDTEETELSLENEQRTTTALIANFPITRIKRTPSTEP
Sample_sequence_3914	        HHHHHHHHHHHHHHHHHHHHTT HHHHHHHHHHHHHHHHHHTTTTTTT   EE TTTTTEEEETTTEEEE  TTTT  
Sample_sequence_3914	MFFIPRPHSALIAKERLQILLMSERLHCAASPQYLTMLQQELSEAAEKYITVEEEEEISITYTHETPTITISTLITIPLPSIIESW
Sample_sequence_2152	  HHHHH      HHHHHHHHHHHHHHHHHHHHTTTHHHHHHHHHHHHHHHHHHH  TTTTTTEEEEEEEETTT EEEEEEEE      
Sample_sequence_2152	MSFLAFFFGESQSTAEIAKERLELILAHERSAQSPTLDYMEEMQKEIIQVISKYTQATWPSEDIHFQAEMQHNSSYETLEVQITLPEQS
Sample_sequence_837	HHHHHHHHHHHTTT HHHHHHHHHHHHHHHHHH   HHHHHHHHHHHHHHHHHTTTTB GGG EEEEEETTTTTEEEEEE  B        
Sample_sequence_837	MMWFQTLSELFTAETSAETAKQRLQTMLIHDRYELSAEMMEAMEIEILQVISRYLEAIEAETIEFTLEQGEADHTALIASIPLLRTYHSPT
Sample_sequence_2229	 HHHHHHHHH  TTT    HHHHHHHHHHHHHHHHHHHHH  HHHHHHHHHHHHHHHHH EEE GGG  EEEEEEETTEEEEEEE  EEEE HHHHHHHH 
Sample_sequence_2229	MMMAFIMSRMLRTEVQAPSSHTEAIERLQLCLFHERACSYISLALLSQLREEIITVISMYMEIDLESAPSFNLCQWPHQYTLVADIPYIFMAQTYAAQIRS
Sample_sequence_1553	       HHHHHHHHHHHHHHHHHHHHHHHHHHHHHHHTTTHHHHHHHHHHHHHHHHH EETTTT  EEEEEETTTTTTT EEEEEE  EEETTTT    
Sample_sequence_1553	MLTFMGFSLFKFTSQEESSKEEAKSRLQLALIQDRAMLSPSETLEQMKTDIISVISEYIEIEQSSQLNIEMSHSEEDPTTSIALLANIPIISASHREAPL
Sample_sequence_3004	  TTTTTTTTTT HHHHHHHHHHHHHHHHHHHHH   HHHHHHHHHHHHHHHHHHTTTTTT GGG EEEEEETTTT EEEEEE         
Sample_sequence_3004	MMMILSLFWSRSSSASTAKERLQILLAHERAQSLSDALLISSLHEEILAVISKYIPAIHIFQPESVQIEMEESSSQMTTLIIDIPLESATAS
Sample_sequence_3566	  GGGGG      HHHHHHHHHHHHHHHHHHHHHHHHH HHHHHHHHHHHHHHTTT   GGGEEEEEEETTTTT EEEEEEE      
Sample_sequence_3566	MSFLDYFLSQKTTTASVAKERLQIILAHERSQIISADYLYLPQLQQELIAVISKYVQISPDMLQVELIEEEETSFELLELNIEMPEPE
Sample_sequence_1656	   HHHHHHHH TTTTTTT    HHHHHHHHHHHHHHHHH   HHHHHHHHHHHHHHHHHHEEETTTTTEEEEEEEETTEEEEEEE  EEEETTT    
Sample_sequence_1656	MFMITEFFESLFPFTYSQMPTRSRETAKQRLQFTLAYDRSELSASTLEALQQEILAVISRYFELDTESMEFSIETSSRFSTALIANLPILCVLQVEAPS
Sample_sequence_1717	TTTTTTTTT    HHHHHHHHHHHHHHHHHHHHHHHHHHHHHHHHHHHHHH   B GGG EEEEEEEETTEEEEEEE  B     
Sample_sequence_1717	MLMSLFPWMSSPRSASIAKERLMLILTTERAELSAQFMESMHEEIIEVISRYFEIEEAEIQIELEQEEEYSYALQATIPIQLAHC
Sample_sequence_3478	  HHHHH       HHHHHHHHHHHHHHHHHHHH   GGGHHHHHHHHHHHHHHTTT   GGGEEEEEE TTTT EEEEEE  TTTTT 
Sample_sequence_3478	MSFLSYLFGEKKSSTASIAKERLQIIIAHEASTGATAAADFLPALQQELIQVISKYVSVNPDDIKVQLEKQDSYEVLESNIELSEQELT
Sample_sequence_2350	  TTGGGGG      HHHHHHHHHHHHHHHHH    HHHHHHHHHHHHHHHHH EEE GGG EEEEEEEE  TTTT EEEEEEEE  EEEETTTTTT
Sample_sequence_2350	MMFDLFSMFSNESKTSKSVAKERLKLVLIHDRIDCSPQLLELIKTDILKVIAEYAEIEEDELDIQMSKTRSEAEDMFPVSALYANIPIKNIKSRSMK
Sample_sequence_1791	      TTT  TTT   TTTTTTEEEEEEEEEE TTTTT TTTHHHHHHHHHHHHHHHHHTTT GGGEEEEEEEETTTEEEEEEEEEE          
Sample_sequence_1791	MSFLTFLLGEKPKTRCTLASSAIERLQIILAHERSSLSHKRAADYLPELQEEIMAVISKYVSINAEYIQVHLETQDDQYETLEIDIELPIPSPTPAAA
Sample_sequence_2798	    TTT       HHHHHHHHHHHHHHHHH    HHHHHHHHHHHHHHHHHHEEE GGG EEEEEEETTEEEEEEE  EEEETTTT     
Sample_sequence_2798	MSFMMFFEGEVQEASAATAKERLQLVLIHDRTDLSSAELDSLREELLSVISQYMEIDESEMQFNLEHDPRQQALVADIPIRSMSAHYAPHAS
Sample_sequence_2753	HHHHHHHHHHHHH        HHHHHHHHHHHHHHHHHH   HHHHHHHHHHHHHHHHHHHTTTT GGG   EE   TTTT TTTEE            TTT TTT TTT  
Sample_sequence_2753	MMGEFISKMWILWRRPTQESTATEAKERLQLILAQDRSSLSPELTDIEQMRNEILEVVSKYVEHIDLSEINFSLFETNQSRIHTALIANLPIREPIDAATSEEPSEALTVPQ
Sample_sequence_319	    TTTTTTT TTTT HHHHHHHHHHHHHHHHHHHHHHTTHHHHHHHHHHHHHHHHH    GGGEEEEEEEEEETTTT EEEEEEEEE     
Sample_sequence_319	MMAFISFFFISEQKSSSTANIAKERLKIILAEHHQCITLEAEYIPQLKQEILAVISTYIQIVPPQIHILSIQIEHKENTLFILELNISLSERTQ
Sample_sequence_1096	 TTTTT      HHHHHHHHHHHHHHHHHH   HHHHHHHHHHHHHHHHHHEEETTGGG EEEEEE TTTTEEEEEE  EEEE    
Sample_sequence_1096	MSLLMWFFTTSQSKSIAKERLQLLLTHDRLELSSEFLEMIQEEIIQVLSEYMEIEEATQIEIEISNEEEYETALFASIPITSMKQVE
Sample_sequence_1036	HHHHHHHHHHHTTT HHHHHHHHHHHHHHHHHH   HHHHHHHHHHHHHHHHH   BTTTT  EEEEEETTTTTTTTEEEEEE  B   
Sample_sequence_1036	MIMELLMSFFSYKSSSKSQANERLQLILIHERACLSPELMETIKEEILEIIAKYMEIESSSEPELELITEEEIEEYSPALIISIPIKSY
Sample_sequence_3531	HHHHHHHHHHHHH   HHHHHHHHHHHHHHHHHH   HHHHHHHHHHHHHHHHH EEE GGG EEEEEEEE    TTTEEEEEEEE  EEEE    GGGG  
Sample_sequence_3531	MLMAFLSSFFTKWSTTSHSFAKERLKLLLIHDRANCSPQLLEMIKSEIIKCISNYMEIEESELDIQITQTESESHTQGTVPALYANIPIKSMKAVSQEWFWH
Sample_sequence_1609	HHHHHHHHHHHHH TTT       EEEEEEEEE TTT TTHHHHHHHHHHHHHHHHHHHTTT GGGEEEEEEEETTEEEEEEEEE    TTTT      
Sample_sequence_1609	MLIMSILSFFRQSFEKTTASQAKERLQIILAHERAGRATPSADYLMALQEEILAVIAKYIHIDRDSIQIQLERHQSYAMLELDITLPEPSLTATPTTPA
Sample_sequence_3604	  TTTT TTT HHHHHHHHHHHHHHHHHHHH  HHHHHHHHHHHHHHHHHHHTTTTTTTEEEEEEEEETTEEEEEEEEE  
Sample_sequence_3604	MLLFMMHAFSYTGEIAEERLKIMLEEEQLCICSASEYMAQIQQEISSTIQTYMEISPEEYEIQIILEQITIISALIIILSS
Sample_sequence_238	TTTT    TTTT HHHHHHHHHHHHHHHHHH  HHHHHHHHHHHHHHHHHTTT HHHHHHHHHHEEEEEETTTEEEEEE    TTTT                       
Sample_sequence_238	MFMFWFFPTSATTLKERLQIILAHERSEQICSSPDLIQAMKQEILQVISKYVPSIEILHEFESSIQLMETETDCSTLMLNISLDDDTPIATTAPAPSAPAAAAAPESRTA
Sample_sequence_2572	HHHHHHHHH    HHHHHHHHHHHHHHHHHHHH  HHHHHHHHHHHHHHHHHHEEETTTT  EEEEEEEETTTT  EEEEEEEE  EEEE    
Sample_sequence_2572	MDFLKLFFSQESSSKEIAKERLQLILVHDRASLSSSQFLESIKEEILQIISEYMEIEESQETEIELTKMAESEATFMSPALIANIPIKKMKEVI
Sample_sequence_2872	HHHHHHHHHHH    HHHHHHHHHHHHHHHHGGG  HHHHHHHHHHHHHHHHHH  B GGG EEEEEEETTEEEEEEE  B         
Sample_sequence_2872	MSSFLMEWFMTHTQSAQAASERLQLLLIHERTDALTSSELDTLHDELLIVISQHIEIDPESMQITMHHEGRQQRLIADIPLSSATTRAAA
Sample_sequence_3558	HHHHHHHHHH      HHHHHHHHHHHHHHHHHHHHHHTTTHHHHHHHHHHHHHHHHHHHHH 
Sample_sequence_3558	MMFSMLSYLLMEPSFSSAETATERLQILLAHERAAIMTQPDMMAQMQEILHMEIMALIIEIAL
Sample_sequence_1469	HHHHHHHHHH     HHHHHHHHHHHHHHHHH    HHHHHHHHHHHHHHHHTTEEETTTTTEEEEEE TTTT EEEEEE  EEEE TTT    
Sample_sequence_1469	MMFMSFLSTFFGQETSAETAKERLQMVLIHDRSDISPEQLEQMRQEILAVISRYLEIDEEEIELTLENEEARTPTALVASIPIASTQHTISTTT
Sample_sequence_1728	   TTTTTTTT TTTHHHHHHHHHHHHHHHHHH  TTHHHHHHHHHHHHHHHHHHHTTT GGGEEEEEEETTTTT EEEEEEE  TTTT  
Sample_sequence_1728	MSMPFLYLLFGEASTAATATERLKILLAHERGMLSFGQLDLLEVMQEEILAVVSEYVTLDSTKIIVHLEYQHDSEVETLEVHIELPDDFEA
Sample_sequence_2212	HHHHHHHHHHH       HHHHHHHHHHHHHHHHHH   HHHHHHHHHHHHHHHHHH   TTTTT EEEEEEETTEEEEEEEEE       
Sample_sequence_2212	MMDFLLRLLFGKRQQYSSSKESAKERLQLVLAHERASISAELLETIKEEIITVISQYMQFDLHQRFEFHFSEEHHEDFATLWPHIPVLESE
Sample_sequence_2272	 TTTT     HHHHHHHHHHHHHHHHHH   HHHHHHHHHHHHHHHHHH  B GGG EEEEEEEETTEEEEEEE  B      
Sample_sequence_2272	MSLLKHEFSSTYEYAKERLKLALIQERAMLPSDMMEQMQKEILSVLSSYMEIETSALEIEIIMYEEPIIALLAAIPILFSSHK
Sample_sequence_2859	HHHHHH   HHHHHHHHHHHHHHHHHH   HHHHHHHHHHHHHHHHHHTTTTB    EEEEEEETTEEEEEEE  B 
Sample_sequence_2859	MWMMWWRMSSKECAKERLMLVLAYERATLSAGLIESLKEDLLAVLQKYFPFQIEETLEIELEEEGEQMTLLICIPLQ
Sample_sequence_3823	HHHHHHHHHHHHHHHHHHHHHHHHHHHHHH HHHHHHHHHHHHHHHHH EEETTTT  EEEEEEEETTEEEEEEE  EEEE    
Sample_sequence_3823	MFFSSMRSLEIAKERLKLMLTSERLEQICSSPQILEMIQEEIIETITTYFEIEEQEEISIQITQTTATLYSLQASIPIQSAIESQ
Sample_sequence_22	   GGGTTTT    HHHHHHHHHHHHHHHHHHHH   HHHHHHHHHHHHHHHHHHHHHHTTTT GGGEEEEEEETTTT  EEEEEEE            
Sample_sequence_22	MMSFLRLFSRQPQSAPAARERLQLLLAHERAASAISDADLLTKLREEILTAISKHMAQIIIFADSECVSINMERGAKHQVSTLAVDIEIPFDAPKKAAA
Sample_sequence_2577	 TTTTTTTT    HHHHHHHHTTEEEEEE TTTTTTTHHHHHHHHHHHHHHHTTT   GGGEEEEEEEEETTEEEEEEEE         
Sample_sequence_2577	MSFLSFFFGQSPTSASVAKERLQIILIHERTASSAAADYLPILQEEILAVISRYIPINQEDIQINLERQSSWLEILEIDIEMPQAEHSA
Sample_sequence_2598	HHHHHHHHHHH  TTTT HHHHHHHHHHHHHHHHH    HHHHHHHHHHHHHHHHHHEEETTTTT EEEEEETTTTTTTEEEEEE  EEEETTTT HHHHHHHH     
Sample_sequence_2598	MMMGELLEKLFFRTPASTSWTQVKRRLQLIIAHDRSDLDPQTLEMMRQEILEIVCRYVEIETEHHSEFSLESNQACRMTTALIANLPIRRIKEAIPTEELSSSIEVVPE
Sample_sequence_1450	HHHHHHHHHHHH       HHHHHHHHHHHHHHHHHHHHHH  HHHHHHHHHHHHHHHHTTT   HHHHH  EEEEEE     TTT   EEEEEE        
Sample_sequence_1450	MAAHMAFWSKLFSKEERPSSAQTAKDRLKIILASEQTCGCYLSQEKIELIKMEIMQVISRYMRILESCEQHIQMQIQATASGASIGLATPYLIMNIPICEEQA
Sample_sequence_2515	  HHHHHHHHHHHTTTT HHHHHHHHHHHHHHHHHH   HHHHHHHHHHHHHHHHHHEEETTHHHHHHHEEEEEEETTTT  EEEEEEE   EEEETTTT   
Sample_sequence_2515	MSLMDSMFLRRRQYKSASSANIAKDRLKLLLISDRAGCSPEMMEQEKNEIIQVISSYMEPIDLLEIALDIQITQTESESNPGMVPALFANIPIKELKHSPKPT
Sample_sequence_1805	HHHHHHHHHHHHHHHHHHHHTTTT HHHHHHHHHHHHHHHTTGGG TTTT          TTT
Sample_sequence_1805	MTTMMSSYLQEILEVISKYIEPIISPEEALQFSLLEQEQECMELLEISITLPEAPEAAATEAT
Sample_sequence_1092	HHHHHHHHHHHHH  HHHHHHHHHHHHHHHHHH   HHHHHHHHHHHHHHHHHHTTTT     EEEEEE TTTTEEEEEE        
Sample_sequence_1092	MFMQMMSWFFTFASRSAETLKERLMLILAYDRAELSAEMMEALEAELLEVLQRYFPATEIETTQISLEQYEEITAHLTADIPLQTSSC
Sample_sequence_3461	 HHHHHHH     HHHHHHHHHHHHHHHHHHHH    HHHHHHHHHHHHHHHHHTTTT  GGGEEEEEEETTTTT EEEEEEE       
Sample_sequence_3461	MIILNLFFLSKYSTANIAKERLHIIIAEEKKCSEIEPDYLPQLKQEILAVISKYIQSISPPNQISIQLEKKESKTIAILELNILLLEQQA
Sample_sequence_3372	           HHHHHHHHHHHHHHHHHH   HHHHHHHHHHHHHHHHHTTTTTTTTTEE  EEEEETTTTEEEEE  EE  
Sample_sequence_3372	MIFSLFPESESSAEIAKERLMILLIHERAQLPYETTESISEEIIEVISKYIEIETQQQCEIEIHQSYSEEYASPCLMAIPIE
Sample_sequence_1883	    TTT   TTT   HHHHHHHHHHHHHHHHH TTT HHHHHHHHHHHHHHHHHHEEE GGG EEEEEEE TTTT  EEEEEEE  EEEE    
Sample_sequence_1883	MQQGFFHLSFSSKWPTPKEIAKDRLKLILIHERTCEIPTEIIELIREEILQVISYYIEIQEDHTEISLNKSEDLEGENSSALIASIPIISLRHRR
Sample_sequence_2485	      TTT      HHHHHHHHHHHHHHHHH    HHHHHHHHHHHHHHHHTTEEETTTTTEEEEEE    TTT   EEEEEE  EEEE   
Sample_sequence_2485	MMSLPMMLLSSKMPHPAEIATERLKLILIHERSSIALSILEVIREEILAVISKYTEICSSEIEFKWTKSEELMAMAESETLIASIPIHMIYFP
Sample_sequence_814	HHHHHHHHHHHHTTTTT HHHHHHHHHHHHHHHHH    HHHHHHHHHHHHHHHHH EEETTTTTEEEEEEETTEEEEEEE  EEEE HHHHHH 
Sample_sequence_814	MMMGEFISRMLFLESATSSKTLAKERLRLVLLHDRASISLAMLNSLREDLVKVISNYMEIDEAALEFNLNQDPREVALIANIPVIKMKQDYAAEQ
Sample_sequence_504	 HHHHHHTTT  HHHHHHHHHHHHHHHHH    HHHHHHHHHHHHHHHHH     GGG EEEEEEETTEEEEEEE   TTTT                     
Sample_sequence_504	MTDFMFMFFQPRSAQTAKERLQLVLAHERSDLSPELLEAMKAEILAVISKYFPIEHEEMAITLETEQRMTWLMANIPIESDTPYITPAETPSPAAAPLSADDA
Sample_sequence_3500	HHHHHHHHHH TTT  HHHHHHHHHHHHHHHHH   HHHHHHHHHHHHHHHHHHTTT GGG EEEEEEETTT EEEEEEE             
Sample_sequence_3500	MMFFQFLFTLFQPERSAETLKERLELVLAYDRSQLTPEMMEAMQAEILEVISRYFPIAPEQIEITLEQEEASMHTLLIASIPLESTTQHITPP
Sample_sequence_2793	  HHHHHHHHH    HHHHHHHHHHHHHHHHH    HHHHHHHHHHHHHHHHH EEE GGG EEEEEEEGGG EEEEEEE  EEEETTT       
Sample_sequence_2793	MTMLELIELLYRAPSSQSHAKERLQLVLAHDRSDISPEMLDQMREEIFQVIAAYMEIDEAHMEFSLETEWERMTTALVANLPIIRMIAVYSAEPQP
Sample_sequence_3769	  HHHHHHTT   HHHHHHHHHHHHHHHHHHHHH  HHHHHHHHHHHHHHHH    GGGEEEEEEEETTEEEEEEEE    
Sample_sequence_3769	MSIFESFFQSSKSSASSAKERLMMMLAHERAACALPYMEEMQQEIIQVISKYTQISCESIEITSHSNQHFETLEMEISLES
Sample_sequence_2751	 TTTTTTTTTTTTHHHHHHHEEEEEEEEE   TTTT    HHHHHHHHHHHHHHHH    GGGEEEEEEEETTEEEEEEEEE  HHHHHHHH    
Sample_sequence_2751	MSIIEFFFFKRQQSASLARERLQIIIAQERATSETSHTPDYLPTLQKELIEVLSKYVQVSPDDININLEKQDSMEMLELNITLPEAQLEAAAEPVQ
Sample_sequence_1444	 TTTTTTT      HHHHHH EEEEEEEEETTTT    HHHHHHHHHHHHHHHHH TTTTEEEEEEEETTEEEEEEEEE  TTT 
Sample_sequence_1444	MSIMEIFFQSKKQQSASLAKERLQIIIASERAHATTLPYMPMMQAEIIEVVSKYTQVQEDIQISTETQEHMEALALEITLESTSA
Sample_sequence_461	 GGGHHHHHH     TTTHHHHHHHHHEEEEEEETTTT  TTTHHHHHHHHHHHHHHHHHHHHTTT  TTTTTEEEEEEEETTTEEEEEEEE         
Sample_sequence_461	MCAHFLSFLFSLQTPSYSSATAAKERLQVIIASESGLGQCTLSEDLIWMMHCEILEVVSTYVLEHSMIPFTDMIQISLFMHEASIEVLEMNISLPDAAEPS
Sample_sequence_437	         TTTTTTTTT TTT         EEEEEEEEE     GGG  HHHHHHHHHHHHHHHHHTTTTT GGGEEEEEEEETTT EEEEEEEEE       
Sample_sequence_437	MLMSMMTGFWSSLFGTQDTSSSYQSANMATERLKVIVASENRMNQSEYLTADCIEMMKREILQVVNKYVTGVQIDMLNIEHRHEASGTMDVLEMNISLPEAKEF
Sample_sequence_1356	    GGGGTTT TTTTHHHHHHHHHHHHHHHHHHHHHHHTTHHHHHHHHHHHHHHHHHTTTT GGGEEEEEEEEETTTEEEEEEEEE   GGG  
Sample_sequence_1356	MTMSFLAFFFPEYKCHTAAIAKERLCLIIAHERAGAAFATAQFMPALQTEYIAVISKYTHCCNSDDIKIQLEFQANQECYETLEVNIILPEACWP
Sample_sequence_2163	HHHHHHHHHHHHHHHHHHHHHHHHHHHHHHHHH HHHHHHHHHHHHHHHHHTTEEETTTT  EEEEEEE       EEEEEEE  EEEE      
Sample_sequence_2163	MLTLMLQKMSMESSSEEAKERLKFALISDQAEISPSEIMEQMKNEIISTISSYFEIDQEEELEIEIIHSEEESASLSIALLAAIPIISASHPEAP
Sample_sequence_848	HHHHHHHHHHHHHHH   HHHHHHHHHHHHHHHHH    HHHHHHHHHHHHHHHHHHEEETTGGG EEEEEEEE TTTTEEEEEEEE  EEEE  GGG   
Sample_sequence_848	MMFELIDKLLFTRALSQSSKDIAKERLKLILAHSRAALEPELLEMIKQEIIQVISWYMEIIDETLLELQLYNTPSEPCEFQTALIANIPITSMKASEELEH
Sample_sequence_2002	HHHHHHHHH  TTT HHHHHHHHHHHHHHHHHHHH TTTHHHHHHHHHHHHHHHHHTTTT  GGGEEEEEEETTTT EEEEEEE     
Sample_sequence_2002	MMAFLQFFFTEQQMSSALTATERLKIIIAWEQFHGQATLQFMPAMHKEIIAVISKYTPPPCTAQHIQISLLIQATCLETIEVNFILPEA
Sample_sequence_592	        GGGTTT      HHHHHHHHHHHHHHHHHHHH     HHHHHHHHHHHHHHHHH      GGGEEEEEEETTTT  EEEEEEE     HHHHHHHHHHHHHHHHH TTTT  
Sample_sequence_592	MLTLRIMSIMYFLRSQIQPASATVAKERLQIIAAHERSQTGGGEPDYLPRLLEEIFQVISKYVRVTLLEDQVSVNNFERSGQSCFNGVLELYLEMSESECATVCASLLRACCAAPASFPC
Sample_sequence_1214	 TTTTTTTTT    HHHHHHHHHHHHHHHHHHHHHHHHHH    HHHHHHHHHHHHHHHHHH  HHHHHHEEEEEEEEETTTT EEEEEEEEE    
Sample_sequence_1214	MMMFWSSLLGREPSQSSAKSAEIATERLKIILASEQAAESIMLTPDMMELMQREIMSVISSYMEPIYAEQIALEIQIEMEESAIPALQIHIYEQHQQ
Sample_sequence_2880	      TTT TTTTTHHHHHTTEEEEEEEEETTTTTTTTHHHHHHHHHHHHHHHH     GGGEEEEEEEETTEEEEEEEEE  HHHHHHHHHH     
Sample_sequence_2880	MSFLEFFTFEKKRSQSASLAKERLQIILAHEAQTATASADFLPEMQKEIIEVISKYVEIQPDQIQINYDEQSHLEMLEINIELSQASIQAAAQAQPQPA
Sample_sequence_1333	    TTT     HHHHHHHHHHHHHHHHHHHHHHH HHHHHHHHHHHHHHHH     GGGEEEEEETTTTTT EEEEEE     
Sample_sequence_1333	MIILMFFSISEMSAHIAKERLQIILSSEKLHICSSSEYLPQLQQEILEVISKYIPIEPEEIEIQYTHATITIAILELTIILESE
Sample_sequence_70	   HHHHHHHHHHHTTTT  HHHHHHHHHHHHHHHHHH   HHHHHHHHHHHHHHHHHHEEETTTTTEEEEEEETTTEEEEEEE  EEEE      TTTTT TTT 
Sample_sequence_70	MMTLQEFIDKILLRRQTQPASASTAKERLQLVLAHDRSDLSPETLEQMLREIFEVVARYVEIDLEEGDFSLETEIARVTALIANLPIRRPIAQPSPETEQQVPAQA
Sample_sequence_1909	 TTTTTTT    HHHHHHHHHHHHHHHHHHHTT  TTT  HHHHHHHHHHHHHH TTT GGGEEEEEEETTTT EEEEEEE  TTTT HHHHHHHHHHHHHHHHHH 
Sample_sequence_1909	MSIMYIFQSQPTSATQAKERLQIILAHERSETGSEPDFLPLPQLQQEILQVISKYVSVEEDQVAVTLMERESGCSMLELDIELSSDAPAAAFAAAASAALAAAASCA
Sample_sequence_2881	TTTTTT HHHHHHHHHHHHHHHHHHHHHHHH TTTHHHHHHHHHHHHHHHHTTTT BTTTTEEEEEEETTEEEEEEE  B   GGGG  
Sample_sequence_2881	MMMWMFIPARSAQTLKERLEILLAYERSQISAPAGMIEALQADLLAAIRRYFPATQIIEESSIEMEQSEQMMHLQANIPLESATQSAAA
Sample_sequence_482	       HHHHHHHHHHHHHHHHHHHHHHHHHHHHHHHHHHHHHHHHH  TTTTEEEEEEEEETTEEEEEEEEE   TTGGGTTT 
Sample_sequence_482	MFFFPPRSAETLKERLTLLLASERLSICSTAQLLTSLQQELLEAIERYFPTEEEEISIQLEQETATITIILLATIPLQSAIESSAW
Sample_sequence_3535	 EEEEEEEEEETTTT EEEEEEEEEETTTT  HHHHHHHHHHHHHHHHTTEEETTTTTEEEEEEETTTTEEEEEEEEEEEEE      
Sample_sequence_3535	MLQELLFFTSQTSKEAARLQFSLIYDQLMELSSSTLESMQTEILAVISKYIEIETESLEFTIERYQERCATALIFNIPILHISQPIAA
Sample_sequence_2935	  TTTTTEEEEEETTT HHHHHHHHHHHHHTTT  TTTT TTTEEEEETTEEEEEE   GGGTTT  
Sample_sequence_2935	MFLQTSTLQIIAHEAMYLQEILEVISKYIEPIEIDAPSLEFSLLIEEEHTALIISISLPEAAAEAPT
Sample_sequence_2048	             HHHHHHHHHHHHHHHHHHHH  TTT    HHHHHHHHHHHHHHHH    GGGEEEEEE TTTTEEEEEE    
Sample_sequence_2048	MAILSFFSLSESSTAQIAKERLQIILAEERTHSSSYEAHYLPYLPQLQIEILAVICKYVQIDPEWISIQWLEQMAEIFILELIETE
Sample_sequence_340	     HHHHHHH      HHHHHHHHHHHHHHHHHHHHHHTTHHHHHHHHHHHHHHHHHTTTTTTGGG EEEEEEEETTEEEEEEEEE       
Sample_sequence_340	MSMMSIAEAFFSSEPQPSTAQSAKERLHIIIAHEQILGLLHLDYIPQMKQEILQVISQYVQISSETAQQIQFQIHNEQNTISQLEMQISLEEDET
Sample_sequence_786	  HHHHHHHTT   HHHHHHHHHHHHHHHHHHHHH  HHHHHHHHHHHHHHHHHH   TTTTTTTT   HHHHHHH 
Sample_sequence_786	MSMLSFFLMHSFSSTAEIAEERLQILLAHEQAHISAPPEYMAQIQKEIMATIQKYMEIETEAYEISIIMEQIIALIS
Sample_sequence_2111	   TTT    HHHHHHHHHHHHHHHHHHHHTTTHHHHHHHHHHHHHHHHH     EEEEEEEEETTTEEEEEEEEE        
Sample_sequence_2111	MSMLFFGSASSAPIATERLQILLAHERSMLQLPYIEEMQEEILSVVSKYTQTTLPKIIVRTESNHHFIETLEISIELENQTQST
Sample_sequence_2428	HHHHHHHHTT   TTTTTTT HHHHHHHHHHHHH    HHHHHHHHHHHHHHHHHHTTTTTTTTEEEEEETTTT EEEEEE   TTT TTT    
Sample_sequence_2428	MLTALFSWFKPFTQGPRSKETLKDRLEFTLAYDRLEIPAETLTALQQEILAVIQRYFPTDQSSTEFEIEQSEDLSASLMANTPIDCALETTAPAS
Sample_sequence_128	   GGGG    HHHHHHHHHHHHHHHHHHH   HHHHHHHHHHHHHHHHHHHHTTT GGGEEEEEEETTTTEEEEEEE     TTT                
Sample_sequence_128	MSILQLFTRRTSAPAARERLQIILAHERAGIGAGGADLAIILQEEILAVIAKHVAVDRDKVQIKLERGAQFSTLEIDIELPTPTLTATAAAPASVPPAAAAA
Sample_sequence_2079	TTGGGGG      HHHHHHHHHHHHHHHHHTT  HHHHHHHHHHHHHHHHTTEEETTTTTEEEEEE    TTTT   EEEEEE  EEEE   
Sample_sequence_2079	MDLLSFFFSKTPTPKEIAKDRLKLILIHDRGSLPPETLEMIKTEILAVISKYIEIESSDIEIAISQTESEAETSEASPALIANIPIKSMFAR
Sample_sequence_3085	                 HHHHHHHHHHHHHHHHHHHH     HHHHHHHHHHHHHHHHH   TTT  EEEEE      TTTEEEEE TTT HHHHHHHHHHHHHHHHHHHHHH     
Sample_sequence_3085	MLRDLKMSIMYFQQQPASATTAKDRLQLILAHERVEDTGGEPALLPQLLEEIFQVIAKYVEIIVLLEFQVSVTLETEWERMGTLVADLELSLSTASALFAKLAAAKLAEVAHNSPKAA
Sample_sequence_2390	   TTT       TTT HHHHHHHHHHHHHHHHHH   HHHHHHHHHHHHHHHHH EEETTTT  EEEEEEEETTTTTTTEEEEEEEE  EEEETTT   
Sample_sequence_2390	MLTFSFFFFFLKTESQSSSSIAKERLKLILIHDRAMLSTELLELIQQEIIQVISEYFEIDEQALLEIEISTTPSEQEKGEFVPALIASIPIISMHKVEIL
Sample_sequence_3441	TTTHHHHHHTTTTTT HHHHHHHHHHHHHHHHHHHH   HHHHHHHHHHHHHHHHHHTTTT  GGGEEEEEEETTTT  EEEEEEE      
Sample_sequence_3441	MMAFWSFFFSSQKSQSSAQTASERLKVIIASEQELGKLSQDFIEQMHKEIMQVIQRYTLGVSDEQHIQMSLRSQANTELEMICMNIILPPEL
Sample_sequence_1799	  HHHHHHHH TTTTTTTT EEEEEEEEEETTTTHHHHHHHHHHHHHHHHHHHH  TTTGGGEEEEEEEETTEEEEEEEEEE    
Sample_sequence_1799	MSILSFFFQCEQEHSALIAKERLHIMLSSERLIQSSLEYMPQMQQEILEVITKYIQIEQESEIQIQLHIEPQTETLAISISLESEE
Sample_sequence_93	 TTT          HHHHHHHHHHHHHHHHHHHHTTTT HHHHHHHHHHHHHHHHHTTT GGGEEEEEEE TTTTEEEEEEE      
Sample_sequence_93	MMLFFFTPEQEASSSASTAKERLQIILAHERSACSSASAPFMEELQEEIIEVIAKYIAIDPDSIEIELEFEEEHLEALEIFIELPSAA
Sample_sequence_3165	HHHHHHHHHH    TTTT HHHHHHHHHHHHHHHHH     HHHHHHHHHHHHHHHHTTTTT   GGG EEEEEETTTT  EEEEEE         
Sample_sequence_3165	MFWDFLMLLLFGRQSQYASSKEEAKERLTLVLSYERSSIPPDFAEMLREEILYVFSKYPQTFELHSTRIIVEISRESAEDFETLWISIPVIQQYEL
Sample_sequence_3348	   TTTGGG       HHHHHHHHHHHHHHHHHHHH    HHHHHHHHHHHHHHHHHHHTTTT GGGEEEEEEEETTTEEEEEEEE       
Sample_sequence_3348	MYMSTLSFFRPQKKCTTANLAKERLQIIIAERRSQWGMDPAESYLAQLKEDILKCICKYAASIDPSMLQLSFEHKGDGISVLELNIQLPEDEE
Sample_sequence_1154	           HHHHHHHHHHHHHHHHHH   HHHHHHHHHHHHHHHHH EE TTTTT   EEEEETTTTT EEEEE      EE    
Sample_sequence_1154	MIFFFFSRSESSGETAKERLEILLISDRANCSPETMELIKQEIISVISKYMEIDTQEMEIEISHTSIESFSETTPCLYAIPIIELSQSE
Sample_sequence_3321	HHHHHHHHHHHHHHHHHHHHHHHHHHHHHHH HHHHHHHHHHHHHHHHTTT B GGG EEEEEEETTTTEEEEEEE  B  
Sample_sequence_3321	MILFSMSSHSLEIAKERLKILLISERMEQCLSSETMESISQEIAETISKYIEIEPENIEIQIHLESYEYMPTLQALIPILI
Sample_sequence_3710	TTT     TTTTTEEEEEEEETTT   HHHHHHHHHHHHHHHHHHEEE GGG  EEEE  TTTT EEEEEEEEEEEE HHHHHHHH   
Sample_sequence_3710	MFELFQHTSLSTARLQILIAQERADLSPQTLELMQQEILEIISRYVEIETEALEFSLLEKSQREATALIALLPIREIAETLAAEEELEE
Sample_sequence_1274	 TTT   TTT    HHHHHHHHHHHHHHHHHTTTT HHHHHHHHHHHHHHHHHHTTTTGGGGG EEEEEEEETTEEEEEEEE     HHHHHHHHHHHHHHH  
Sample_sequence_1274	MSFMSLTLFQKPEASAATARERLQLILIHERTEELSPDELIQLREEILAVISQHVEAIEVLRSEVQITLERGWHGQTLVADIEFPSDSAHATAAKAALAEAHAS
Sample_sequence_1973	  HHHHHH        HHHHHHHHHHHHHHHHHHHHTTT HHHHHHHHHHHHHHHHHH      GGGEEEEEEEEETTEEEEEEEE           
Sample_sequence_1973	MAFLSFFFSPKKSSSTSANIATERLQIIIAEERRKSESEPDYLAIQMKREILQVICKYVQVQPQIDMLNIQFEQESLDLSVLELNITLPESDEPEAE
Sample_sequence_1660	HHHHHHHHHHHHH  TTT HHHHHHHHHHHHHHHHHHHH HHHHHHHHHHHHHHHHHH EEE GGG EEEEEE TTTTTT  EEEEEE  EEEE         
Sample_sequence_1660	MMIQEFFTLLFFFQQNEQSSKEIAKERLQLVLIHDRAMLSPSETLEMMQMEILQVISKYVEIETSLLEIEICNYSEEPCEFQIALIANIPITSASSSEILQPM
Sample_sequence_3869	 TTTTTT    HHHHHHHHHHHHHHHHHH   HHHHHHHHHHHHHHHHTTT B GGG EEEEEEETTEEEEEEE  B     
Sample_sequence_3869	MMMMFFMSQPSSAETAKERLQLVLAYDRADLSAELMEEMKEELLAVISRYIPIEAEAIEIQIEEETAQMLLIADIPLLTSTQ
Sample_sequence_309	  TTT      TTT EEEEEEEEEE      HHHHHHHHHHHHHHHHHTTTTTTT  EETTTTTTTTTEEEEEEEEEE TTTT               TTT
Sample_sequence_309	MMFSFRARSAQTLKERLQLVLAHERSGISPPDYLPALQSDILAAISKYVPAIEIIHEFEVDITMEREDMISTLMINIEMESDTPYAPKAATTPAAAPAAAA
Sample_sequence_33	HHHHHHHHHHGGGTTT HHHHHHHHHHHHHHHHH    HHHHHHHHHHHHHHHHHHEEE GGG EEEEEEETTTTEEEEEEE  EEEE   TTT
Sample_sequence_33	MMFEFIQRFLSRETSSSSKSIAKERLRLVLVHDRASISPQLLEALKEDLIQVISEYMEIEEAAMEINLENTEEDQSIALIANIPIIQMKRTPQT
Sample_sequence_1856	TTTTTT       HHHHHHHHHHHHHHHHHHHHH    HHHHHHHHHHHHHHHHHH HHHHHHHHEEEEEEEETTTEEEEEEEE   HHHHHHHHHHHHHH 
Sample_sequence_1856	MMWILFLKRKPEATATEAKERLRIIVAQERSITRGAPDYLPMMRNEILEVISKYVEHIVDILSQAININFETESMGHEILELSLTLPEDKQAAVSETAEAET
Sample_sequence_2452	     TTTTTTTTTTHHHHHH EEEEEEEEETTTTTT  HHHHHHHHHHHHHHHHTTTT GGGEEEEEEEETTTEEEEEEEEE TTTTTTT 
Sample_sequence_2452	MAMSIFNYLRRRVSATASVAKERLQIIISHERSQRYTPDYLPKLQEEILAVIAKYICPVTRDQVSVNLERMGADNAVLELNITMPDETLEEA
Sample_sequence_825	TTTTTTTTT HHHHHHHHHHHHHHHHHHHHHTTT HHHHHHHHHHHHHHHHTTTTTTTTTTTTEEEEEEETTEEEEEEE   TTTT  TTT
Sample_sequence_825	MIMMLFGAASAPEAAERLQILLSYERKRTMLGPAPNLTETLREEILSVFSKHPQTFLDPHDKIEVEMEEGEFVSMLEISIPFPQGVESMAT
Sample_sequence_1034	           TTTTTTT EEEEEEEEE         HHHHHHHHHHHHHHHH      GGGEEEEEEEETTEEEEEEEEE TTTTT 
Sample_sequence_1034	MFGFSFRPTPASSAQTLKERLQILLAHERSGQSASADCIPSLQRDILAAIRRYFPAQIDPFSIEIEMEESDQLSTLQIFIELPSALSS
Sample_sequence_2412	 TTTTTT TTTTTTTTTT   TTT  HHHHHHHHHHHHHHH TTTTTTHHHHHHHHHHHHHHHHHHHH   TTTT  EEEEEE  TTTT EEEEEE   TTTTTTTTT   
Sample_sequence_2412	MFWDAMSMPTLRLLFGKMQYASSSPSARERLTIILAHERGMSMIGQPDLAPVLREEILYVFSKYVQTFELFSSHTRIIVRIERGHDEHEVSTLWVDIPVPEDFEYAAVLLR
Sample_sequence_3814	  HHHHHHHHH      HHHHHHHHHHHHHHHHHHHHH    HHHHHHHHHHHHHHHHHTTT   EEEEEEEETTEEEEEEEE  TTTT       
Sample_sequence_3814	MPMSMLLDFFLSEKKWTSAPTATERLQIILAEERTAIMGSTPDYLADMQREILEVICAYVQIDQQIDLSVQFCSSEHVLEINITLAEGDEIEAPEQ
Sample_sequence_3890	  TTTTEEEEEEEEE TTTT  HHHHHHHHHHHHHH    BTTTTTEETTTTTT  TEEEEEEEE    
Sample_sequence_3890	MLLSSSETELQILIHEAHESPPLQMQEEILEMISKYIEIEIEEPSIEISMCPEEEPIALLAIPLIISSH
Sample_sequence_346	 GGGTTTTT  TTHHHHHHHHHHHHHHHHHHHHH  TTTTTHHHHHHHHHHHHHHHTTTT HHHHHHHHHHHHHHHH  TTTTTTTTTT    TTTTT     
Sample_sequence_346	MEMIFFLFPPTENTASQAKERLQIIIAQERSLTTGAPDYLPTELMQQEILEVISKYVEAIEVDTIEFAIEFSLMELDQSIEHEALITSLALPDEAAATPAATA
Sample_sequence_1583	  GGGGGG     HHHHHHHHHHHHHHHHHHHHHTTT HHHHHHHHHHHHHHHHHTTTTTTTEEEEEE TTTTTEEEEEE         
Sample_sequence_1583	MSIFDFFTASKQQTASIAKDRLRIIIAHERATRGSTSPDYLPTLQREILEVIRKYVSVDAEAVKVQLIGEGDSKLLDISVSLPEAPAQA
Sample_sequence_2562	    TTTT TTT HHHHHHHHHHHHHHHHHH   HHHHHHHHHHHHHHHHH  EETTTT  EEEEEEEETTTT  EEEEEEEE  EEE       
Sample_sequence_2562	MIFFSFFSTSSESSSSTAKDRLKLALTSDRAMCSSELMEQMKADIIQVISEYLEIDTQEELDIEITQTELEESSETQTALLANIPIKELSIPSEE
Sample_sequence_1723	    GGGTTT   HHHHHHHHHHHHHHHHH    HHHHHHHHHHHHHHHHH   BTTTTTEEEEEEETTEEEEEEE  B       TTT
Sample_sequence_1723	MMSFLERFFGETTSASSAKERLQLVLIHDRTDLSPEELEALKEELISTISQYIEIDASSIEIELEHEGRQQRLIASIPIASAQRRAASR
Sample_sequence_1972	 EEEEEEEEEE TTTHHHHHHHHHHHHHHHHHHHHTTT GGGEEEEEEEEGGG EEEEEEEEEETTTT TTT 
Sample_sequence_1972	MQTTLIIIAHESQIEQSASYMFALQEEILAVISKYIQISPEQISIQLLEQEEEDMEILELNITLPEASEALTF
Sample_sequence_1466	  HHHHHHHTT   HHHHHHHHHHHHHHHHHHHHH    HHHHHHHHHHHHHHHTTT   GGGEEEEEEEETTEEEEEEEE    HHHHHHH       
Sample_sequence_1466	MSILDYFFSSSPSTSAALAKERLQILVAHERSARTGSSPDYLPQMQQEILQVIRKYVQVSQDQISVHMEQEEGHEILELNITLPDDEEQAALQPPQAPP
Sample_sequence_3492	 TTTTTTTT     HHHHHHHHHHHHHHHHHH   HHHHHHHHHHHHHHHHTTEE TTTTTEEEEEEETTTEEEEEEE    EE   
Sample_sequence_3492	MSMIEWFFTPEQPSSKEIAKERLQLILAHDRAELSAELMESMEEEILQVLSRYFEIEEQTIQMSLEQEEEITTALTASFPLTSSHQS
Sample_sequence_3915	 TTTTTTTT    HHHHHHHHHHHHHHHHHHHHHHTTTHHHHHHHHHHHHHHHHHTTTTT GGG EEEEEETTTEEEEEE        
Sample_sequence_3915	MSMFMFFFQPEEQSAQTAKERLQIILAHERLQAAASFDFMPMMQQEIMEVVSKYVTQVEIQPSEIEITYEHEETEALEINIPLPSTSA
Sample_sequence_2157	 TTTTTTTT    HHHHHHHHH EEEEEE    GGGGHHHHHHHHHHHHHHHHHHTTT HHHHHHH EEEEEETTTTTEEEEEEE         
Sample_sequence_2157	MSILMFFFQSQEQSAQIAKERLHIIISQERLHAANSLDYLPQMQQEILAVISKYTQSIEISQLSAQIQIQLECQEQETTAILELSILLPETSLA
Sample_sequence_768	  GGGGTTT     HHHHHHHHHHHHHHHHHHHTTTHHHHHHHHHHHHHHHHHHTTT   GGGEEEEEEETTTTTEEEEEEE         TTT      TTT  
Sample_sequence_768	MSILDFFFPPRPPTSAQTAKERLQILLAHERSQGSAGADFYLPQLQQEILAVIAKYVAISEDQIQIQMERESSGCSTLEINIELPSDQEEAPAAASAAAAAATAA
Sample_sequence_3422	TTTTTTTTT TTTT HHHHHHHHHHHHHHHHHHHHH  TTHHHHHHHHHHHHHHHHTTT GGGEEEEEEEEETTEEEEEEEE         
Sample_sequence_3422	MAMLDFFCSELAPTTTASTAKERLQIIVAQERSTTRGGPDYLPLMQREILEVIRKYVQIPAEAVNVQLEKESLEHAVLELMVTLPEEESKE
Sample_sequence_3402	  GGGGTTT    HHHHHHHHHHHHHHHHHHHHTTT HHHHHHHHHHHHHHHHHHTTT GGGEEEEEEE TTTTEEEEEEE           
Sample_sequence_3402	MSILSLFQREQPSSASVARERLQLILAHERASRASIPADLVSILQEEILAVIAKHVQISQEYIQISMERQESTMSILEIDIEIPQASAAPAA
Sample_sequence_2616	    TTTT HHHHHHHHHHHHHHHHTTT BTTTT  EEEEEETTTTTEEEEEE  BTTT       
Sample_sequence_2616	MTSLLIAMSPPMLEQMQEEILAVISKYIEIEEPPSLEISMEPYEHPCIALIASIPLIASSEEYPQH
Sample_sequence_2532	 GGGTTTTTT   HHHHHHHHHHHHHHHHHHHHH  HHHHHHHHHHHHHHHHTTEEE  TTTTEEEEEE    TTTT  EEEEEE EEEE 
Sample_sequence_2532	MHAFWSFFSHTSSSAQIAKDRLKILLISDQSCICLAAEMMEQIKAEIASVISKYMQISTEQLSMEIQIATESHTASTSPTLYMSISILDIH
Sample_sequence_2177	HHHHHHHH        HHHHHHHHHHHHHHHHHHH HHHHHHHHHHHHHHHHHHHTTT     GGGEEEEEEEETTTTEEEEEEEE    TTTT   
Sample_sequence_2177	MAFISFFFLLKQPKKTTANIAAERLQIIIAEESKKGYIYEYYITQMKIEILEVISKYVLESINPDMINIELDHEESKEIEKLELNITLPEADEYSPP
Sample_sequence_1672	  GGGTTT  TTT     HHHHHHHHHHHHHHHHHTTTT HHHHHHHHHHHHHHHHHHHHHHTTTT GGGEEEEEEEEE TTTTEEEEEEEEE         
Sample_sequence_1672	MPLLSFFQPQKKFEPSTHSANAAKERLQIIIASERSQPMTAAESYEFFIQLHCMILMVISKYTESISPSCLQISYFCHQAYQEYELEVLELNVQLPDAEHAE
Sample_sequence_77	  HHHHHH      HHHHHHHHHHHHHHHHHHHTTTHHHHHHHHHHHHHHHHTTT BTTTTT EEEEE TTTTEEEEE   B    TTT TTT   
Sample_sequence_77	MTLQALMFLGRQPASATTAKERLQLVLAHDRTDAISPAQLDQMREEIFAVIARYMDIDLEEMDVTLETEDIRFTALLADLPFRSSLASTTPSHNAS
Sample_sequence_433	 TTTTTTTTTT   HHHHHHHEEEEEEEEE  GGGTTTT TTTTHHHHHHHHHHHHHH     GGGEEEEEEEETTEEEEEEEEE       
Sample_sequence_433	MSIFEYFRQSQPQSSAQTAKERLQIIIAHERSTLLQQASHDYLPYPLLQQEILAVIRKYVAISEEQIQIQFEREGQFEILELNITLPEATEQ
Sample_sequence_3788	   EEEEEEEEEETTTT HHHHHHHHHHHHHHHHHH TTTTTTTTTTTEEEEEETTTTEEEEEEEEEE    HHHHHHHH   
Sample_sequence_3788	MFTTTSTLIIQQRAMLMSPQMIESMQQEILEVISKYIEAIEITAEEALEFSLEEEQRCATALIASLPIIEIPAAAATEYQEFL
Sample_sequence_1236	  EEEEEEbTTT      HHHHHHHHHHHHHHHHHTTTT   GGG EEEEEE     EEEEEETTTTTTTTTT 
Sample_sequence_1236	MPSLIMLASEQLHCSASPQYLPQLQEEILACISKYIPQIEIEPEEIEITLEQETTQLAILELSIPLPSAIESST
Sample_sequence_1680	HHHHHHHHHHH      HHHHHHHHHHHHHHHHHH   HHHHHHHHHHHHHHHHH EEETTT  EEEEEEEETTEEEEEEE  EEEE     
Sample_sequence_1680	MMFMQQIEWLFTFTHSTSSSIAKQRLQLILTYDRLELSAESLTSLEEELTEVIARYFEFSEDTTQLSLEQMEEISYSLIADFPYLQALCTPS
Sample_sequence_1894	   TTTTTT    HHHHHHHHHHHHHHHHHHHHH  HHHHHHHHHHHHHHHTTTTT GGGEEEEEEEETTEEEEEEEE   HHHHHHHH              TTT 
Sample_sequence_1894	MFMIFFFFQSPETTATTLKERLQIIIAHERIATGSPDYLPALKQELLQVIRKYVPVSQDQISIQFEQEGDYDVLELNITLDEDEEAAVTAPAPSAECAPAAAERRTV
Sample_sequence_3087	HHHHHHHHHHHHHHTT     HHHHHHHHHHHHHHHHHH   HHHHHHHHHHHHHHHHH EEETTTTTEEEEEE     EEEEEE  EEEETTT  
Sample_sequence_3087	MLTMLFQELQELFTFTSQHQSSSSTAKQRLKLALIHDRLELSAETLTSLQQEILEVISKYFEIDTDSTELEIQTSSEFSTALIANFPILSALQTEI
Sample_sequence_3269	     TTTTTT   HHHHHHHHHHHHHHHHHH   HHHHHHHHHHHHHHHHH   BTTTTTEEEEEEEETTEEEEEEE  B        
Sample_sequence_3269	MLTLFWFSPFMSPRSSETAKTRLELALTYDKLEISAEILTALHEELIEVIARYFETQEETTELEIEQMEELSYSLIASFPLQLALESEP
Sample_sequence_2255	  GGGGG  TTTTTTTT EEEEEEEEE   HHHHHHHHHHHHHHHHHHHH     GGGEEEEEEEETTEEEEEEEEE TTT        TTTTT 
Sample_sequence_2255	MNILQLFSRTQSASAARERLQILLAHERTAARDAELIATLHEEILIAISKHICIDPDSVMITMHRKEQVTLLAIDIELESSATRETAFVLEDLGA
Sample_sequence_2952	 TTTTTTTTT  HHHHHHHHHHHHHHHHHHHH   HHHHHHHHHHHHHHHHTTTTTTEEEEEEEETTTEEEEEEEE      
Sample_sequence_2952	MSWFSFFFSSESSASTAKERLKLIIAHEQAECSLPYMPQMRQEIIQVISKYTPLAEDIQFQLQASQNQYETLEMNIILPEIE
Sample_sequence_1634	   TTT  TTTTTTTT     HHHHHHHHHHHHHHHHH   TTTHHHHHHHHHHHHHHHHHHTTT GGGEEEEEEE     EEEEEEE  TTTT     TTT     
Sample_sequence_1634	MDMMSMPLLYLLRGKKALAPSARERLQILLAKERGQLRHGQPDFALLPVLREEILYVVSTHVTMLDSTKFIVRLERGDEEVSTLEIDIEVPNDFEIKRVAVLMPTPA
Sample_sequence_1757	HHHHHHTTT  HHHHHHHHHHHHHHHHHHHHH  HHHHHHHHHHHHHHHHHHHHTTTTTTTTTEEEEEEEEETTEEEEEEEEE   TTTT                 TTT  
Sample_sequence_1757	MTFMMFFFQPQSAARAKERLQIVIAHERSQLTSPDYLLIEAMRQEILQVVSKYVEAIDILMQIEISIQLMETEQSMHTILEANVPLDEDTPQATTAPAPEAEEAPRVAESST
Sample_sequence_1676	 GGGTTTTTT TTT HHHHHHHHHHHHHHHHHH    HHHHHHHHHHHHHHHTTTTBTTTT  EEEEEEE       EEEEEEE  B    
Sample_sequence_1676	MLFSLFMFFSQKMSSSKETAKERLMLILIYERATLPPEFLESIKEEILSVISKYPQFDSSHEIEIAIEETESSESDFSPALIISIPIKSSK
Sample_sequence_431	HHHHHHHHHH  TTT HHHHHHHHHHHHHHHHTTHHHH  HHHHHHHHHHHHHHHHHH   TTTTTTEEEEEEEEETTT EEEEEEEEE    
Sample_sequence_431	MMASFWSTLFSSETSSSAQIAKDRLKIILASHQSLICRLSAETIEQMKTEIMQVISTYMQISTEQLQSIQIQIHHEANTTIEILEMNISLPET
Sample_sequence_1890	 TTTTTTTT    HHHHHHHHHHHHHHHHHHHHHHHHHHHHHHHHHHHHHHHHHHHTTTEEEEEEEEEEEEETTEEEEEEEEEE  TTTTTTT 
Sample_sequence_1890	MSMMLFFFFTPTSSASTAKERLQLLLAHERTEELTAALIIALQEELLAVISKYVEAIEIIHRQSVQIEMEHEQQLQTLIADIELESATTHAASA
Sample_sequence_513	  TTTTTT      TTT  EEEEEEEEE  TTT  HHHHHHHHHHHHHHHHHH    GGGEEEEEEETTTEEEEEEEEE TTTTTTHHHHHHTTT 
Sample_sequence_513	MNVLRLFSPRAASAPVARERLQILLSHERKLLGGQSDLLETLREEILSVVSKHVALDPDKVIIRMERSKFVSTLEVDIELPNAFQSSMAAASTCMA
Sample_sequence_3754	TTT TTTTTT      HHHHHHHHHHHHHHHHHHHHHHHHHHHHHHHHHHHHHHHTTT  TTTT EEEEEE TTTT    EEEEEE      
Sample_sequence_3754	MFLMSFSEAFMSREETSAEIAKERLHILLISEQIIICSAQETMEQIKQEILQVISKYIQIEPETSIEIQIHKEQHTSTTPTLEMSISLLEDT
Sample_sequence_226	      TTTT TTT   HHHHHHHHHHHHHH          HHHHHHHHHHHHHHHHH   B  BTTBT EEEEEEE         EEEEEEE  B  TTTT  
Sample_sequence_226	MHMAFWSLFSTATRSASSAQTATDRLKFILASEQPWNCTLSAEMMEMMKMEILEVASKYMEIYTSPIFNAWIQIMQTESYASEHAASPALEMNIPICDCQAQMP
Sample_sequence_3005	  HHHHHH     HHHHHHHHHHHHHHHHHHHH    HHHHHHHHHHHHHHHH    TTT  EEEEEE     EEEEEE     
Sample_sequence_3005	MMLFMFFFSQSSSSAQCAKERLTIILAYERSATLAIPFMEEMKEEILSVFSKYTQFSASIEIEIEIEQEEEFSETLEITIPAES
Sample_sequence_2803	  HHHHH       HHHHHHHHHHHHHHHHHHHHTTTTTHHHHHHHHHHHHHHHH TTT GGGEEEEEEEEGGG EEEEEEEE      
Sample_sequence_2803	MSILDFFFPSKPQSSASLAKERLQIIIAEQRSQESAAPDYYIPQLEQEILQVLSKYVAVSPSQINIQLLEHELEQAAILELNIQLPEQQ
Sample_sequence_810	HHHHHHHHHHHHHH TTT HHHHHHHHHHHHHHHH    HHHHHHHHHHHHHHHHH EEETTTTTT EEEEEE TTTTT EEEEEE  EEEE HHHHHHHHH    TTT 
Sample_sequence_810	MIIMEILESMAFFTRSPNSRDDAKHRLQVVISQERTDLDPQTLEMMQQEILEILCRYVEIEITAQYLEFSLENSEPQDQHTALIANLPIRSVSESLDTTLEESHILLCRI
Sample_sequence_1290	              HHHHHHHHHHHHHHHHHHH     HHHHHHHHHHHHHHHHH    TTT EEE          TTT  EEE       
Sample_sequence_1290	MCMSSWESFSSKETPAATAKDRLKLILAHERTLEIPALPYMEEMRKEIIAVISKYTEILSDIEFSTTASANQIEEMESSETIIAEIILPSP
Sample_sequence_722	TTTTGGG        HHHHHHHHHHHHHHHHHHHH    HHHHHHHHHHHHHHHH     GGGEEEEEEEEETTEEEEEEEE  TTT 
Sample_sequence_722	MALLEFFRPSKTPSTTASLAKERLQIIVAEERSASQSSPSYLPQLELDILEVIRKYVAISPDQISVQLEHSSEELSVLELNITLSEEK
Sample_sequence_2692	  GGGTTTT TTTTT TTTT EEEEEEEEEETTTTTTTTTHHHHHHHHHHHHHHHHH   TTTTEEEEEEEETTTEEEEEEEEEE        
Sample_sequence_2692	MSILTFFLGEEIHICSASVATERLQLIIAHERIQLAMPADFYMPALQCEAVSVISKYVLISSEDLQCSLEFQQISCEILEIDIEIPQATPATE
Sample_sequence_3217	    TTTTT    HHHHHHHHHHHHHHHHHHHHHH  HHHHHHHHHHHHHHHH       EEEEEEEET TTTTTT  EEEEEEEE   
Sample_sequence_3217	MISSSSFFSKSETPAQTAKDRLMLILIHERAIELAIPYMEEMKQEILAVISKYTCIQIEIDCEITIHQSQEYIEECESETLEASILIES
Sample_sequence_3548	           TTTTTTT  EEEEEEEEE     HHHHHHHHHHHHHHHHHHHHH    GGGEEEEEE  TTEEEEEEEEE   HHHHHHH     
Sample_sequence_3548	MSFLSLFFPTQSASASVAKERLQILLAHERQATGSTSAELIPLLQKEIIEVIAKYVPIDPDQIQLSMDRTTPLTTLEIEIELPSALYSAAQQPAVS
Sample_sequence_406	HHHHHHHHHHH     HHHHHHHHHHHHHHHHH    HHHHHHHHHHHHHHHHH EEETTTTTEEEEEEETTTEEEEEEE  EEEETTT                
Sample_sequence_406	MMLAEFINMLFSTQPQSAAEAKERLQLVLAHDRSDLTPELMEAMRQEILEVVSRYVEIDMEEMDISLETEQRMATALIANLPIREALSVSTPAPTSPEESPSETS
Sample_sequence_1439	HHHHHHHHH   HHHHHHHHHHHHHHHHHHHHH  HHHHHHHHHHHHHHHHHHTTT GGGEEEEEEEEETTTT EEEEEEEEE   
Sample_sequence_1439	MLFELMHKSFSSTGEYAKERLKILLAEERAAICMSSEMMEQIQKEIISVISSHMEIYAEAYEIEIIMTESSTMIPALQISILETHQ
Sample_sequence_3752	 TTTTTTTTTTTTTT HHHHHHHHHHHHH   TTTHHHHHHHHHHHHHHHHTTTTTTTTEEEEEEETTTEEEEEEE   TTTT                
Sample_sequence_3752	MQQLMFSWFFERSKETLKDRLELVLAYDRSQIPPGLLEAMQNDLLEVVRRYFPIGPEESSIEMEQEQSMHVLLMANIPIDEDTQYTTPESPEAAPLSDA
Sample_sequence_3000	HHHHHHHHH TTTT HHHHHHHHHHHHHHHHHH   HHHHHHHHHHHHHHHHHHEEEE GGG EEEEEEEEEETTT EEEEEEEEEE  EEEETTT    
Sample_sequence_3000	MLMDFLKLFSRESMSSKDIAKERLRLILVHDRANVSPQFLEMIKSQLICIISDYAEYIEEECLEIKLTAMEKDITEDIFTVPALVANIPIKHMKHVAKIS
Sample_sequence_1030	  TTTTTTTTT  HHHHHHHHHHHHHHH     HHHHHHHHHHHHHHH TTTB  TTTTT EEEEEETTTTEEEEEE  B    TTT   
Sample_sequence_1030	MMPLSFLLGAHSKPEAKERLTIVLSYERKTLPPNFTETLREEILSVFSKYPQFELDSPHRIEVDIKKEEDFSELWISIPFKQFESKMATS
Sample_sequence_3627	 HHHHHHHHTT     HHHHHHHHHHHHHHHHH    HHHHHHHHHHHHHHHHHHEEETTTTTEEEEEEETTTEEEEEEE  EEEE   
Sample_sequence_3627	MMDLIAMFFTQQEEPSSKEIAKERLQLILTHDRISLSAQLLEEMKEEIIQVISEYLEIDEEHIEIQIEEHQEDMTALIASIPIKSSKQQ
Sample_sequence_2633	               HHHHHHHHHHHHHHHHH    HHHHHHHHHHHHHHHHH EEETTTTT  EEEEEE   TTTT   EEEEEE  EEEE HHHHH    
Sample_sequence_2633	MQDLLPMFSKKIEPSSKEVATERLILILIHTRCSISPEMLEMITSEILCVLSAYMETIEEHGEIEIKMSKMEELEQMAPSPALIASIPIIRIKERYARTLPH